<?xml version="1.0" encoding="UTF-8"?>
<metadata xml:lang="en"><Esri><CreaDate>20121204</CreaDate><CreaTime>09214000</CreaTime><ArcGISFormat>1.0</ArcGISFormat><ArcGISstyle>FGDC CSDGM Metadata</ArcGISstyle><SyncOnce>FALSE</SyncOnce><DataProperties><itemProps><itemName Sync="TRUE">Municipalities</itemName><itemLocation><linkage Sync="TRUE">file://\\AGRC-ZBECK\C$\sgidout\BOUNDARIES\PackagedData\_Statewide\StateCountyMunicipalBoundaries\Municipalities.shp</linkage><protocol Sync="TRUE">Local Area Network</protocol></itemLocation><nativeExtBox><westBL Sync="TRUE">242775.670000</westBL><eastBL Sync="TRUE">648476.040000</eastBL><southBL Sync="TRUE">4095997.700000</southBL><northBL Sync="TRUE">4650650.890000</northBL><exTypeCode Sync="TRUE">1</exTypeCode></nativeExtBox><imsContentType Sync="TRUE">002</imsContentType><itemSize Sync="TRUE">0.000</itemSize></itemProps><coordRef><type Sync="TRUE">Projected</type><geogcsn Sync="TRUE">GCS_North_American_1983</geogcsn><csUnits Sync="TRUE">Linear Unit: Meter (1.000000)</csUnits><projcsn Sync="TRUE">NAD_1983_UTM_Zone_12N</projcsn><peXml Sync="TRUE">&lt;ProjectedCoordinateSystem xsi:type='typens:ProjectedCoordinateSystem' xmlns:xsi='http://www.w3.org/2001/XMLSchema-instance' xmlns:xs='http://www.w3.org/2001/XMLSchema' xmlns:typens='http://www.esri.com/schemas/ArcGIS/10.1'&gt;&lt;WKT&gt;PROJCS[&amp;quot;NAD_1983_UTM_Zone_12N&amp;quot;,GEOGCS[&amp;quot;GCS_North_American_1983&amp;quot;,DATUM[&amp;quot;D_North_American_1983&amp;quot;,SPHEROID[&amp;quot;GRS_1980&amp;quot;,6378137.0,298.257222101]],PRIMEM[&amp;quot;Greenwich&amp;quot;,0.0],UNIT[&amp;quot;Degree&amp;quot;,0.0174532925199433]],PROJECTION[&amp;quot;Transverse_Mercator&amp;quot;],PARAMETER[&amp;quot;False_Easting&amp;quot;,500000.0],PARAMETER[&amp;quot;False_Northing&amp;quot;,0.0],PARAMETER[&amp;quot;Central_Meridian&amp;quot;,-111.0],PARAMETER[&amp;quot;Scale_Factor&amp;quot;,0.9996],PARAMETER[&amp;quot;Latitude_Of_Origin&amp;quot;,0.0],UNIT[&amp;quot;Meter&amp;quot;,1.0],AUTHORITY[&amp;quot;EPSG&amp;quot;,26912]]&lt;/WKT&gt;&lt;XOrigin&gt;-5120900&lt;/XOrigin&gt;&lt;YOrigin&gt;-9998100&lt;/YOrigin&gt;&lt;XYScale&gt;450445547.3910538&lt;/XYScale&gt;&lt;ZOrigin&gt;-100000&lt;/ZOrigin&gt;&lt;ZScale&gt;10000&lt;/ZScale&gt;&lt;MOrigin&gt;-100000&lt;/MOrigin&gt;&lt;MScale&gt;10000&lt;/MScale&gt;&lt;XYTolerance&gt;0.001&lt;/XYTolerance&gt;&lt;ZTolerance&gt;0.001&lt;/ZTolerance&gt;&lt;MTolerance&gt;0.001&lt;/MTolerance&gt;&lt;HighPrecision&gt;true&lt;/HighPrecision&gt;&lt;WKID&gt;26912&lt;/WKID&gt;&lt;LatestWKID&gt;26912&lt;/LatestWKID&gt;&lt;/ProjectedCoordinateSystem&gt;</peXml></coordRef><lineage><Process ToolSource="c:\program files\arcgis\desktop10.0\ArcToolbox\Toolboxes\Data Management Tools.tbx\CopyFeatures" Date="20121005" Time="103243" Name="" export="">CopyFeatures "C:\Muni Boundaries\Muni_CountyBndy.mdb\Boundaries_Oct2012\Municipalities_Oct2012" I:\AGR11\Boundaries_Backup.gdb\Boundaries_Oct2012\Municipalities_Oct2012 # 0 0 0</Process><Process ToolSource="c:\program files\arcgis\desktop10.1\ArcToolbox\Toolboxes\Conversion Tools.tbx\FeatureClassToFeatureClass" Date="20121010" Time="163507" Name="" export="">FeatureClassToFeatureClass I:\AGR11\Boundaries_Backup.gdb\Boundaries_Oct2012\Municipalities_Oct2012 "Database Connections\DC_Boundaries@SGID10@gdb10.agrc.utah.gov.sde" MunicipalitiesNEW # "COUNTYNBR "COUNTYNBR" true true false 2 Text 0 0 ,First,#,I:\AGR11\Boundaries_Backup.gdb\Boundaries_Oct2012\Municipalities_Oct2012,COUNTYNBR,-1,-1;NAME "NAME" true true false 40 Text 0 0 ,First,#,I:\AGR11\Boundaries_Backup.gdb\Boundaries_Oct2012\Municipalities_Oct2012,NAME,-1,-1;COUNTYSEAT "COUNTYSEAT" true true false 4 Long 0 0 ,First,#,I:\AGR11\Boundaries_Backup.gdb\Boundaries_Oct2012\Municipalities_Oct2012,COUNTYSEAT,-1,-1;SHORTDESC "SHORTDESC" true true false 100 Text 0 0 ,First,#,I:\AGR11\Boundaries_Backup.gdb\Boundaries_Oct2012\Municipalities_Oct2012,SHORTDESC,-1,-1;UPDATED "UPDATED" true true false 8 Date 0 0 ,First,#,I:\AGR11\Boundaries_Backup.gdb\Boundaries_Oct2012\Municipalities_Oct2012,UPDATED,-1,-1;FIPS "FIPS" true true false 5 Text 0 0 ,First,#,I:\AGR11\Boundaries_Backup.gdb\Boundaries_Oct2012\Municipalities_Oct2012,FIPS,-1,-1;ENTITYNBR "ENTITYNBR" true true false 8 Double 0 0 ,First,#,I:\AGR11\Boundaries_Backup.gdb\Boundaries_Oct2012\Municipalities_Oct2012,ENTITYNBR,-1,-1;SALESTAXID "SALESTAXID" true true false 10 Text 0 0 ,First,#,I:\AGR11\Boundaries_Backup.gdb\Boundaries_Oct2012\Municipalities_Oct2012,SALESTAXID,-1,-1;IMSCOLOR "IMSCOLOR" true true false 4 Long 0 0 ,First,#,I:\AGR11\Boundaries_Backup.gdb\Boundaries_Oct2012\Municipalities_Oct2012,IMSCOLOR,-1,-1;MINNAME "MINNAME" true true false 40 Text 0 0 ,First,#,I:\AGR11\Boundaries_Backup.gdb\Boundaries_Oct2012\Municipalities_Oct2012,MINNAME,-1,-1;POPLASTCENSUS "POPLASTCENSUS" true true false 4 Long 0 0 ,First,#,I:\AGR11\Boundaries_Backup.gdb\Boundaries_Oct2012\Municipalities_Oct2012,POPLASTCENSUS,-1,-1;POPLASTESTIMATE "POPLASTESTIMATE" true true false 4 Long 0 0 ,First,#,I:\AGR11\Boundaries_Backup.gdb\Boundaries_Oct2012\Municipalities_Oct2012,POPLASTESTIMATE,-1,-1;GNIS "GNIS" true true false 10 Text 0 0 ,First,#,I:\AGR11\Boundaries_Backup.gdb\Boundaries_Oct2012\Municipalities_Oct2012,GNIS,-1,-1;GlobalID "GlobalID" false false false 38 GlobalID 0 0 ,First,#,I:\AGR11\Boundaries_Backup.gdb\Boundaries_Oct2012\Municipalities_Oct2012,GlobalID,-1,-1;SHAPE_Length "SHAPE_Length" false true true 8 Double 0 0 ,First,#,I:\AGR11\Boundaries_Backup.gdb\Boundaries_Oct2012\Municipalities_Oct2012,SHAPE_Length,-1,-1;SHAPE_Area "SHAPE_Area" false true true 8 Double 0 0 ,First,#,I:\AGR11\Boundaries_Backup.gdb\Boundaries_Oct2012\Municipalities_Oct2012,SHAPE_Area,-1,-1" #</Process><Process ToolSource="c:\program files\arcgis\desktop10.1\ArcToolbox\Toolboxes\Data Management Tools.tbx\CalculateField" Date="20121011" Time="084044" Name="" export="">CalculateField SGID10.BOUNDARIES.Municipalities IMSCOLOR 2 VB #</Process><Process ToolSource="c:\program files\arcgis\desktop10.1\ArcToolbox\Toolboxes\Data Management Tools.tbx\CalculateField" Date="20121011" Time="094629" Name="" export="">CalculateField SGID10.BOUNDARIES.Municipalities IMSCOLOR 4 VB #</Process><Process ToolSource="c:\program files\arcgis\desktop10.1\ArcToolbox\Toolboxes\Data Management Tools.tbx\CalculateField" Date="20121011" Time="094659" Name="" export="">CalculateField SGID10.BOUNDARIES.Municipalities IMSCOLOR 1 VB #</Process><Process ToolSource="c:\program files\arcgis\desktop10.1\ArcToolbox\Toolboxes\Data Management Tools.tbx\CopyFeatures" Date="20121204" Time="092223">CopyFeatures C:\sgidout\BOUNDARIES\PackagedData\_Statewide\StateCountyMunicipalBoundaries\StateCountyMunicipalBoundaries.gdb\Municipalities C:\sgidout\BOUNDARIES\PackagedData\_Statewide\StateCountyMunicipalBoundaries\Municipalities.shp # 0 0 0</Process></lineage></DataProperties><SyncDate>20121204</SyncDate><SyncTime>09222200</SyncTime><ModDate>20121204</ModDate><ModTime>09222200</ModTime><ArcGISProfile>FGDC</ArcGISProfile><scaleRange><minScale>150000000</minScale><maxScale>5000</maxScale></scaleRange></Esri><mdLang><languageCode value="en"/><countryCode value="US" Sync="TRUE"/></mdLang><mdChar><CharSetCd value="004"/></mdChar><mdHrLv><ScopeCd value="005"/></mdHrLv><dataIdInfo><dataLang><languageCode value="en" country="US"/><countryCode value="US" Sync="TRUE"/></dataLang><idCitation xmlns=""><presForm xmlns=""><PresFormCd value="005"/></presForm><date><pubDate>2010-12-31T00:00:00</pubDate><reviseDate>2012-11-30T00:00:00</reviseDate></date><resEdDate>20121130</resEdDate><resTitle Sync="FALSE">SGID10.BOUNDARIES.Municipalities</resTitle></idCitation><descKeys><thesaName uuidref="723f6998-058e-11dc-8314-0800200c9a66"/></descKeys><spatRpType><SpatRepTypCd value="001"/></spatRpType><idPurp>These data were first created through a cooperative effort of the Governor's Office of Planning and Budget, the Utah Department of Transportation, the Utah State Tax Commission, and AGRC.  All incorporated municipalities in the state through dates varying from 1984 to 1992 were initially represented. Updates for further annexations and disconnections were completed with the cooperative efforts of the State Tax Commission, Property Tax Division, and AGRC, and currentness now ranges from 1993 through the revisions date shown in the metadata with updates from local government where needed to include new incorporations, corrections, and substantially changed boundaries due to annexation.  Data developed with coordinate geometry (COGO) from legal descriptions were used.  When necessary the data were adjusted to conform to known physical features. Due to adjustments to resolve conflicting or ambiguous data, the result was more a physical cadastre than a legal one. In other words, this dataset does not represent exact legal boundaries as per surveyed description, but, rather a set of boundaries used for the administrative purposes that conforms to logical &amp; administrative rules (e.g. no two cities or redevelopment areas may cover the same geographic extent).</idPurp><idAbs>&lt;DIV STYLE="text-align:Left;"&gt;&lt;DIV&gt;&lt;DIV&gt;&lt;P&gt;&lt;SPAN&gt;These data were created for planimetric display and tax area analysis.&lt;/SPAN&gt;&lt;/P&gt;&lt;P&gt;&lt;SPAN&gt;&lt;SPAN&gt;Procedures_Used:&lt;/SPAN&gt;&lt;/SPAN&gt;&lt;/P&gt;&lt;P&gt;&lt;SPAN&gt;&lt;SPAN&gt;The principal method of data entry used coordinate geometry software.&lt;/SPAN&gt;&lt;/SPAN&gt;&lt;/P&gt;&lt;P&gt;&lt;SPAN&gt;&lt;SPAN&gt;Digitizing from paper maps and use of digital planimetric data were supplemental. Conversions, filling of gaps, georeferencing, reconciliations, and reformatting were often necessary to create a coherent database. Boundary updates are occasionally accepted from local GIS departments when the USTC has not received all relevant boundary change information through required channels. Updates have been made in this manner to Sandy, some Cache, Washington, Utah, Wasatch, and Carbon County cities.&lt;/SPAN&gt;&lt;/SPAN&gt;&lt;/P&gt;&lt;P&gt;&lt;SPAN&gt;Revisions: Municipal boundaries are revised as documents are filed with the Lt. Governor's Office.&lt;/SPAN&gt;&lt;/P&gt;&lt;P&gt;&lt;SPAN&gt;&lt;SPAN&gt;Reviews_Applied_to_Data:&lt;/SPAN&gt;&lt;/SPAN&gt;&lt;/P&gt;&lt;P&gt;&lt;SPAN&gt;&lt;SPAN&gt;Digital sources were visually compared with planimetric data. Digitized data were overlaid with source material and visually compared. Technical errors were also identified and corrected with ArcGIS Software.&lt;/SPAN&gt;&lt;/SPAN&gt;&lt;/P&gt;&lt;P&gt;&lt;SPAN&gt;&lt;SPAN&gt;Notes: This metadata document contains a composite of information for all&lt;/SPAN&gt;&lt;/SPAN&gt;&lt;/P&gt;&lt;P&gt;&lt;SPAN&gt;&lt;SPAN&gt;tiles in the library.&lt;/SPAN&gt;&lt;/SPAN&gt;&lt;/P&gt;&lt;P&gt;&lt;SPAN /&gt;&lt;/P&gt;&lt;/DIV&gt;&lt;/DIV&gt;&lt;/DIV&gt;</idAbs><resConst><Consts><useLimit>&lt;DIV STYLE="text-align:Left;"&gt;&lt;DIV&gt;&lt;DIV&gt;&lt;P&gt;&lt;SPAN&gt;Data released to the Receiving Agency (RA) remains the property of the originating data source (see Source_Information) and cannot be reproduced for sale by the RA without the written consent of that data source. Redistribution of datasets unchanged as obtained from the AGRC and without fee is allowed. Any hardcopies utilizing these data sets shall clearly indicate their source. If the RA has modified the data in any way, they are obligated to describe the types of modifications they have performed on the hardcopy map. RA specifically agrees not to misrepresent these data sets, nor to imply that changes they made were approved by the AGRC. The Utah Automated Geographic Reference Center (AGRC) has adopted the following spatial data disclaimer to be explicitly included or referenced in all geospatial data, mapping products, and services created or hosted at AGRC including the contents of State Geographic Information Database (SGID). This product is for informational purposes and may not have been prepared for, or be suitable for legal, engineering, or surveying purposes. Users of this information should review or consult the primary data and information sources to ascertain the usability of the information. AGRC provides these data in good faith and shall in no event be liable for any incorrect results, any lost profits and special, indirect or consequential damages to any party, arising out of or in connection with the use or the inability to use the data hereon or the services provided. AGRC provides these data and services as a convenience to the public. Further more, AGRC reserves the right to change or revise published data and/or these services at any time.Furthermore, it is the official policy of the AGRC: • that the adopted disclaimer be used on all hard copy maps produced from geospatial data, and that the date and source of the data be included on the map; • that spatial data producers be allowed to extend the adopted disclaimer with additional language further defining the limits of their liability; • that a more robust disclaimer may be used in conjunction with any and all geospatial data published on the Internet, on a separate page preceding access to the data, with an accept/reject option for users; • that standardized metadata be included with any distribution of all geospatial data; and • that the disclaimer above may be used as a blanket disclaimer for documents containing a number of small maps.&lt;/SPAN&gt;&lt;/P&gt;&lt;/DIV&gt;&lt;/DIV&gt;&lt;/DIV&gt;</useLimit></Consts></resConst><searchKeys><keyword>MunicipalBoundaries</keyword></searchKeys><envirDesc Sync="TRUE">Microsoft Windows XP Version 5.1 (Build 2600) Service Pack 3; Esri ArcGIS 10.1.1.3143</envirDesc><dataExt><geoEle xmlns=""><GeoBndBox esriExtentType="search"><exTypeCode Sync="TRUE">1</exTypeCode><westBL Sync="TRUE">-114.104093</westBL><eastBL Sync="TRUE">-109.207396</eastBL><northBL Sync="TRUE">42.007878</northBL><southBL Sync="TRUE">36.974959</southBL></GeoBndBox></geoEle></dataExt></dataIdInfo><refSysInfo><RefSystem><refSysID><identCode code="26912"/><idCodeSpace Sync="TRUE">EPSG</idCodeSpace><idVersion Sync="TRUE">7.11.2</idVersion></refSysID></RefSystem></refSysInfo><eainfo><detailed Name="Municipalities"><enttyp><enttypl Sync="TRUE">Municipalities</enttypl><enttypt Sync="TRUE">Feature Class</enttypt><enttypc Sync="TRUE">0</enttypc></enttyp><attr><attrlabl Sync="TRUE">FID</attrlabl><attalias Sync="TRUE">FID</attalias><attrtype Sync="TRUE">OID</attrtype><attwidth Sync="TRUE">4</attwidth><atprecis Sync="TRUE">0</atprecis><attscale Sync="TRUE">0</attscale><attrdef Sync="TRUE">Internal feature number.</attrdef><attrdefs Sync="TRUE">Esri</attrdefs><attrdomv><udom Sync="TRUE">Sequential unique whole numbers that are automatically generated.</udom></attrdomv></attr><attr><attrlabl Sync="TRUE">Shape</attrlabl><attalias Sync="TRUE">Shape</attalias><attrtype Sync="TRUE">Geometry</attrtype><attwidth Sync="TRUE">0</attwidth><atprecis Sync="TRUE">0</atprecis><attscale Sync="TRUE">0</attscale><attrdef Sync="TRUE">Feature geometry.</attrdef><attrdefs Sync="TRUE">ESRI</attrdefs><attrdomv><udom Sync="TRUE">Coordinates defining the features.</udom></attrdomv></attr><attr><attrlabl Sync="TRUE">COUNTYNBR</attrlabl><attalias Sync="TRUE">COUNTYNBR</attalias><attrtype Sync="TRUE">String</attrtype><attwidth Sync="TRUE">2</attwidth><atprecis Sync="TRUE">0</atprecis><attscale Sync="TRUE">0</attscale></attr><attr><attrlabl Sync="TRUE">NAME</attrlabl><attalias Sync="TRUE">NAME</attalias><attrtype Sync="TRUE">String</attrtype><attwidth Sync="TRUE">40</attwidth><atprecis Sync="TRUE">0</atprecis><attscale Sync="TRUE">0</attscale></attr><attr><attrlabl Sync="TRUE">COUNTYSEAT</attrlabl><attalias Sync="TRUE">COUNTYSEAT</attalias><attrtype Sync="TRUE">Integer</attrtype><attwidth Sync="TRUE">9</attwidth><atprecis Sync="TRUE">9</atprecis><attscale Sync="TRUE">0</attscale></attr><attr><attrlabl Sync="TRUE">SHORTDESC</attrlabl><attalias Sync="TRUE">SHORTDESC</attalias><attrtype Sync="TRUE">String</attrtype><attwidth Sync="TRUE">100</attwidth><atprecis Sync="TRUE">0</atprecis><attscale Sync="TRUE">0</attscale></attr><attr><attrlabl Sync="TRUE">UPDATED</attrlabl><attalias Sync="TRUE">UPDATED</attalias><attrtype Sync="TRUE">Date</attrtype><attwidth Sync="TRUE">8</attwidth><atprecis Sync="TRUE">0</atprecis><attscale Sync="TRUE">0</attscale></attr><attr><attrlabl Sync="TRUE">FIPS</attrlabl><attalias Sync="TRUE">FIPS</attalias><attrtype Sync="TRUE">String</attrtype><attwidth Sync="TRUE">5</attwidth><atprecis Sync="TRUE">0</atprecis><attscale Sync="TRUE">0</attscale></attr><attr><attrlabl Sync="TRUE">ENTITYNBR</attrlabl><attalias Sync="TRUE">ENTITYNBR</attalias><attrtype Sync="TRUE">Double</attrtype><attwidth Sync="TRUE">19</attwidth><atprecis Sync="TRUE">0</atprecis><attscale Sync="TRUE">0</attscale></attr><attr><attrlabl Sync="TRUE">SALESTAXID</attrlabl><attalias Sync="TRUE">SALESTAXID</attalias><attrtype Sync="TRUE">String</attrtype><attwidth Sync="TRUE">10</attwidth><atprecis Sync="TRUE">0</atprecis><attscale Sync="TRUE">0</attscale></attr><attr><attrlabl Sync="TRUE">IMSCOLOR</attrlabl><attalias Sync="TRUE">IMSCOLOR</attalias><attrtype Sync="TRUE">Integer</attrtype><attwidth Sync="TRUE">9</attwidth><atprecis Sync="TRUE">9</atprecis><attscale Sync="TRUE">0</attscale></attr><attr><attrlabl Sync="TRUE">MINNAME</attrlabl><attalias Sync="TRUE">MINNAME</attalias><attrtype Sync="TRUE">String</attrtype><attwidth Sync="TRUE">40</attwidth><atprecis Sync="TRUE">0</atprecis><attscale Sync="TRUE">0</attscale></attr><attr><attrlabl Sync="TRUE">POPLASTCEN</attrlabl><attalias Sync="TRUE">POPLASTCEN</attalias><attrtype Sync="TRUE">Integer</attrtype><attwidth Sync="TRUE">9</attwidth><atprecis Sync="TRUE">9</atprecis><attscale Sync="TRUE">0</attscale></attr><attr><attrlabl Sync="TRUE">POPLASTEST</attrlabl><attalias Sync="TRUE">POPLASTEST</attalias><attrtype Sync="TRUE">Integer</attrtype><attwidth Sync="TRUE">9</attwidth><atprecis Sync="TRUE">9</atprecis><attscale Sync="TRUE">0</attscale></attr><attr><attrlabl Sync="TRUE">GNIS</attrlabl><attalias Sync="TRUE">GNIS</attalias><attrtype Sync="TRUE">String</attrtype><attwidth Sync="TRUE">10</attwidth><atprecis Sync="TRUE">0</atprecis><attscale Sync="TRUE">0</attscale></attr><attr><attrlabl Sync="TRUE">Shape_Leng</attrlabl><attalias Sync="TRUE">Shape_Leng</attalias><attrtype Sync="TRUE">Double</attrtype><attwidth Sync="TRUE">19</attwidth><atprecis Sync="TRUE">0</atprecis><attscale Sync="TRUE">0</attscale></attr><attr><attrlabl Sync="TRUE">Shape_Area</attrlabl><attalias Sync="TRUE">Shape_Area</attalias><attrtype Sync="TRUE">Double</attrtype><attwidth Sync="TRUE">19</attwidth><atprecis Sync="TRUE">0</atprecis><attscale Sync="TRUE">0</attscale><attrdef Sync="TRUE">Area of feature in internal units squared.</attrdef><attrdefs Sync="TRUE">Esri</attrdefs><attrdomv><udom Sync="TRUE">Positive real numbers that are automatically generated.</udom></attrdomv></attr></detailed></eainfo><distInfo><distFormat><formatName Sync="TRUE">Shapefile</formatName></distFormat><distTranOps><transSize Sync="TRUE">0.000</transSize></distTranOps></distInfo><mdHrLvName Sync="TRUE">dataset</mdHrLvName><spatRepInfo><VectSpatRep><geometObjs Name="Municipalities"><geoObjTyp><GeoObjTypCd value="002" Sync="TRUE"></GeoObjTypCd></geoObjTyp><geoObjCnt Sync="TRUE">0</geoObjCnt></geometObjs><topLvl><TopoLevCd value="001" Sync="TRUE"></TopoLevCd></topLvl></VectSpatRep></spatRepInfo><spdoinfo><ptvctinf><esriterm Name="Municipalities"><efeatyp Sync="TRUE">Simple</efeatyp><efeageom code="4" Sync="TRUE"></efeageom><esritopo Sync="TRUE">FALSE</esritopo><efeacnt Sync="TRUE">0</efeacnt><spindex Sync="TRUE">FALSE</spindex><linrefer Sync="TRUE">FALSE</linrefer></esriterm></ptvctinf></spdoinfo><mdDateSt Sync="TRUE">20121204</mdDateSt></metadata>
